Source,Target
AbeHandler,PoloChau
abhilashasaroj,PoloChau
abindal42751994,PoloChau
Gaoxinghua,PoloChau
MianzhenZ,PoloChau
rborelav,PoloChau
cs_hanes,PoloChau
CheapeOne,PoloChau
Syuizen,PoloChau
YunheSong,PoloChau
markfink,AbeHandler
CScoutTech,AbeHandler
ijfcst,AbeHandler
dbamman,AbeHandler
linguistbrian,AbeHandler
LuisBel28032801,AbeHandler
kreissdaniel,AbeHandler
HairyFotr,AbeHandler
TippledPink5pm,AbeHandler
DanteFuoco,AbeHandler
BIG_Kaddu,abhilashasaroj
Awkashnarayan,abhilashasaroj
RohiniMukherje5,abhilashasaroj
ishansnadkarni,abhilashasaroj
SunPedal_Ride,abhilashasaroj
vikhyatgoyal,abhilashasaroj
jimmathewk,abhilashasaroj
jatins0lanki,abhilashasaroj
pranavsudersan,abhilashasaroj
SuyashSomani,abhilashasaroj
ComethTheNerd,abindal42751994
mateocameron92,abindal42751994
ajimmohammad181,abindal42751994
cmaxw,abindal42751994
thenetninjauk,abindal42751994
TaylaHolmes123,Gaoxinghua
Ghsalex2011,Gaoxinghua
TheGamesPlace14,MianzhenZ
OdysseyMatrix,MianzhenZ
BohanRob,MianzhenZ
Clutchy_Munchy,MianzhenZ
MauriceRevell_,MianzhenZ
LazarusReborn,MianzhenZ
Foxxhunt81,MianzhenZ
RockOutKidBrand,MianzhenZ
tylerrelief,MianzhenZ
NannieTrojan,MianzhenZ
alispagnola,cs_hanes
danmikita,cs_hanes
walter_roth,cs_hanes
funlocity,cs_hanes
maluberian,cs_hanes
BiancaGrace33,cs_hanes
WhiteTire67,cs_hanes
aj_409,cs_hanes
jetsetesl,cs_hanes
mhoogerland,cs_hanes
edwinchoate,CheapeOne
BrandonJess11,CheapeOne
stylianoskr,CheapeOne
jhonnik1,CheapeOne
Synthetic143,CheapeOne
clen_171,CheapeOne
greenzz98,CheapeOne
Kinnder_Beauty,CheapeOne
datphoenixbrown,CheapeOne
WordgoSC,CheapeOne
Ranchy_NJU,Syuizen
NateHazy,Syuizen
Zhijiexie1,YunheSong
Ranchy_NJU,YunheSong
underdogio,YunheSong
MyOwnOutCome,YunheSong
amandagraceful,YunheSong
Beer_Witt,YunheSong
cilegonmen,YunheSong
Campbellshaw,YunheSong
William_Hdez,YunheSong
lkkanth,YunheSong